,Size,EntryBar,ExitBar,EntryPrice,ExitPrice,PnL,ReturnPct,EntryTime,ExitTime,SL,TP,Duration
0,50,405,430,122.91,122.55,-17.95,-0.0,2017-01-10 11:55:00,2017-01-10 14:00:00,,123.62802440114262,0 days 02:05:00
1,50,470,477,122.81,122.4,-20.27,-0.0,2017-01-11 10:50:00,2017-01-11 11:25:00,,123.59094728943678,0 days 00:35:00
2,50,518,531,122.71,122.9,9.5,0.0,2017-01-11 14:50:00,2017-01-11 15:55:00,122.25732111813224,123.64535776373552,0 days 01:05:00
3,50,604,609,122.58,122.69,5.5,0.0,2017-01-12 15:30:00,2017-01-12 15:55:00,122.25598255033174,123.1980348993365,0 days 00:25:00
4,50,612,687,123.04,123.14,5.0,0.0,2017-01-13 09:40:00,2017-01-13 15:55:00,122.61462026875358,123.89075946249285,0 days 06:15:00
5,50,846,861,123.42,123.09,-16.68,-0.0,2017-01-19 09:40:00,2017-01-19 10:55:00,,124.1173146235769,0 days 01:15:00
6,50,869,898,123.25,123.08,-8.5,-0.0,2017-01-19 11:35:00,2017-01-19 14:00:00,122.87872523186384,124.02254953627234,0 days 02:25:00
7,50,950,954,123.39,123.03,-17.79,-0.0,2017-01-20 11:50:00,2017-01-20 12:10:00,,124.10163569140873,0 days 00:20:00
8,50,1002,1008,123.48,123.05,-21.42,-0.0,2017-01-23 09:40:00,2017-01-23 10:10:00,,124.36683954554037,0 days 00:30:00
9,50,1047,1077,123.15,123.34,9.5,0.0,2017-01-23 13:25:00,2017-01-23 15:55:00,122.8193890414989,123.8412219170022,0 days 02:30:00
10,50,1080,1155,123.65,124.23,29.0,0.0,2017-01-24 09:40:00,2017-01-24 15:55:00,123.26611493931789,124.41777012136424,0 days 06:15:00
11,50,1158,1233,124.99,125.42,21.5,0.0,2017-01-25 09:40:00,2017-01-25 15:55:00,124.47380520306139,126.02238959387721,0 days 06:15:00
12,50,1236,1311,125.68,125.59,-4.5,-0.0,2017-01-26 09:40:00,2017-01-26 15:55:00,125.30293255365534,126.43413489268934,0 days 06:15:00
13,50,1314,1322,125.72,125.48,-12.0,-0.0,2017-01-27 09:40:00,2017-01-27 10:20:00,125.3005348666722,126.49893026665562,0 days 00:40:00
14,50,1327,1385,125.7,125.64,-3.0,-0.0,2017-01-27 10:45:00,2017-01-27 15:35:00,125.27391987185031,126.55216025629939,0 days 04:50:00
15,50,1548,1559,125.58,125.0,-29.02,-0.0,2017-02-01 09:40:00,2017-02-01 10:35:00,,126.74065517525115,0 days 00:55:00
16,50,1565,1623,125.07,125.45,19.0,0.0,2017-02-01 11:05:00,2017-02-01 15:55:00,124.5258816734952,126.18823665300958,0 days 04:50:00
17,50,1630,1657,125.56,125.14,-21.0,-0.0,2017-02-02 10:00:00,2017-02-02 12:15:00,124.90005428398813,126.87989143202375,0 days 02:15:00
18,50,1860,1935,126.2,126.18,-1.0,-0.0,2017-02-07 09:40:00,2017-02-07 15:55:00,125.8455783150368,126.87884336992639,0 days 06:15:00
19,50,2108,2169,127.34,127.36,1.0,0.0,2017-02-10 10:50:00,2017-02-10 15:55:00,126.98383782683204,128.05232434633592,0 days 05:05:00
20,-50,2263,2279,127.85,128.18,-16.5,-0.0,2017-02-14 10:45:00,2017-02-14 12:05:00,128.27067435533576,127.03865128932848,0 days 01:20:00
21,50,2484,2559,129.19,129.71,26.0,0.0,2017-02-17 09:40:00,2017-02-17 15:55:00,128.85042855472688,129.86914289054624,0 days 06:15:00
22,50,2648,2715,130.41,130.54,6.5,0.0,2017-02-22 10:20:00,2017-02-22 15:55:00,130.05936673807622,131.14126652384752,0 days 05:35:00
23,-50,2984,3027,129.98,129.99,-0.5,-0.0,2017-02-28 12:20:00,2017-02-28 15:55:00,130.24827239187974,129.4434552162405,0 days 03:35:00
24,50,3424,3481,130.94,130.74,-10.0,-0.0,2017-03-08 10:00:00,2017-03-08 14:45:00,130.48155454343768,131.85689091312463,0 days 04:45:00
25,50,3517,3545,130.87,130.65,-11.0,-0.0,2017-03-09 11:15:00,2017-03-09 13:35:00,130.46529887328396,131.64940225343213,0 days 02:20:00
26,50,3582,3614,131.56,131.01,-27.51,-0.0,2017-03-10 10:10:00,2017-03-10 12:50:00,,132.6004293836393,0 days 02:40:00
27,50,3654,3729,131.47,131.55,4.0,0.0,2017-03-13 09:40:00,2017-03-13 15:55:00,131.166050544399,132.047898911202,0 days 06:15:00
28,50,4008,4037,131.9,131.72,-8.96,-0.0,2017-03-17 13:10:00,2017-03-17 15:35:00,,132.2584907781867,0 days 02:25:00
29,50,4054,4079,132.07,131.84,-11.5,-0.0,2017-03-20 10:30:00,2017-03-20 12:35:00,131.73631329129142,132.70737341741716,0 days 02:05:00
30,50,4224,4275,130.62,130.68,3.0,0.0,2017-03-22 11:40:00,2017-03-22 15:55:00,129.94452429180294,132.00095141639412,0 days 04:15:00
31,50,4339,4345,130.75,130.48,-13.5,-0.0,2017-03-23 14:45:00,2017-03-23 15:15:00,130.33924324560454,131.57151350879093,0 days 00:30:00
32,50,4358,4408,131.23,130.73,-25.0,-0.0,2017-03-24 09:50:00,2017-03-24 14:00:00,130.53331348523145,132.65337302953714,0 days 04:10:00
33,50,4464,4509,130.7,130.93,11.5,0.0,2017-03-27 12:10:00,2017-03-27 15:55:00,130.1638170942759,131.77236581144814,0 days 03:45:00
34,50,4513,4514,130.99,130.56,-21.53,-0.0,2017-03-28 09:45:00,2017-03-28 09:50:00,,131.88107145106284,0 days 00:05:00
35,50,4541,4587,131.4,131.74,17.0,0.0,2017-03-28 12:05:00,2017-03-28 15:55:00,130.96231031086197,132.24537937827603,0 days 03:50:00
36,50,4594,4665,131.98,132.2,11.0,0.0,2017-03-29 10:00:00,2017-03-29 15:55:00,131.48015352188975,132.91969295622053,0 days 05:55:00
37,50,4669,4709,132.33,132.24,-4.5,-0.0,2017-03-30 09:45:00,2017-03-30 13:05:00,131.94918641136118,133.09162717727767,0 days 03:20:00
38,50,4752,4803,132.49,132.43,-3.0,-0.0,2017-03-31 10:10:00,2017-03-31 14:25:00,132.1132694540692,133.27346109186158,0 days 04:15:00
39,50,4817,4821,132.67,132.53,-7.0,-0.0,2017-03-31 15:35:00,2017-03-31 15:55:00,132.39086485558067,133.22827028883862,0 days 00:20:00
40,50,4939,4977,132.29,132.48,9.5,0.0,2017-04-04 12:45:00,2017-04-04 15:55:00,131.95187993950913,132.99624012098178,0 days 03:10:00
41,-50,5294,5367,131.3,131.28,1.0,0.0,2017-04-11 09:50:00,2017-04-11 15:55:00,131.9613294415361,129.97734111692785,0 days 06:05:00
42,-50,5397,5429,130.82,131.2,-19.0,-0.0,2017-04-12 11:55:00,2017-04-12 14:35:00,131.33250527095515,129.79498945808967,0 days 02:40:00
43,50,5682,5736,132.03,131.78,-12.5,-0.0,2017-04-19 09:40:00,2017-04-19 14:10:00,131.44737147221537,133.1652570555693,0 days 04:30:00
44,50,5765,5835,132.03,132.79,38.0,0.01,2017-04-20 10:05:00,2017-04-20 15:55:00,131.43771588640536,133.2145682271893,0 days 05:50:00
45,50,5863,5879,132.71,132.52,-9.5,-0.0,2017-04-21 11:45:00,2017-04-21 13:05:00,132.33670006027532,133.45659987944939,0 days 01:20:00
46,50,5916,5991,134.01,134.13,6.0,0.0,2017-04-24 09:40:00,2017-04-24 15:55:00,133.22028537491906,135.61942925016191,0 days 06:15:00
47,50,6006,6069,134.86,135.14,14.0,0.0,2017-04-25 10:40:00,2017-04-25 15:55:00,134.50584939038038,135.5683012192393,0 days 05:15:00
48,50,6152,6225,135.37,135.65,14.0,0.0,2017-04-27 09:50:00,2017-04-27 15:55:00,134.8783025761517,136.35339484769662,0 days 06:05:00
49,50,6228,6292,136.2,135.86,-17.0,-0.0,2017-04-28 09:40:00,2017-04-28 15:00:00,135.6733378700155,137.19332425996902,0 days 05:20:00
50,50,6296,6303,135.97,136.01,2.0,0.0,2017-04-28 15:20:00,2017-04-28 15:55:00,135.73753522634186,136.46492954731625,0 days 00:35:00
51,50,6306,6376,136.52,137.37,42.47,0.01,2017-05-01 09:40:00,2017-05-01 15:30:00,136.08033187410513,137.36933625178972,0 days 05:50:00
52,50,6377,6381,137.36,137.23,-6.5,-0.0,2017-05-01 15:35:00,2017-05-01 15:55:00,137.13949945148312,137.8010010970338,0 days 00:20:00
53,50,6384,6449,137.29,137.22,-3.5,-0.0,2017-05-02 09:40:00,2017-05-02 15:05:00,136.94972661456148,137.94054677087703,0 days 05:25:00
54,50,6552,6573,137.04,136.73,-15.5,-0.0,2017-05-04 10:40:00,2017-05-04 12:25:00,136.5699395185222,138.01012096295563,0 days 01:45:00
55,50,6586,6615,137.01,137.07,3.0,0.0,2017-05-04 13:30:00,2017-05-04 15:55:00,136.6781654785389,137.6736690429222,0 days 02:25:00
56,50,6774,6849,138.18,138.24,3.0,0.0,2017-05-09 09:40:00,2017-05-09 15:55:00,137.83437741398728,138.87124517202545,0 days 06:15:00
57,50,6886,6927,138.26,138.34,4.0,0.0,2017-05-10 12:30:00,2017-05-10 15:55:00,137.97010655333736,138.83978689332525,0 days 03:25:00
58,50,6977,7005,138.02,138.28,13.0,0.0,2017-05-11 13:35:00,2017-05-11 15:55:00,137.7170680898794,138.59586382024116,0 days 02:20:00
59,50,7008,7083,138.41,138.53,6.0,0.0,2017-05-12 09:40:00,2017-05-12 15:55:00,138.0394787045682,139.15104259086357,0 days 06:15:00
60,50,7104,7119,139.06,138.72,-17.03,-0.0,2017-05-15 11:10:00,2017-05-15 12:25:00,,139.74133753194997,0 days 01:15:00
61,50,7130,7161,138.89,139.02,6.5,0.0,2017-05-15 13:20:00,2017-05-15 15:55:00,138.67116488060623,139.29767023878753,0 days 02:35:00
62,50,7164,7239,139.19,139.56,18.5,0.0,2017-05-16 09:40:00,2017-05-16 15:55:00,138.86897517617624,139.8620496476475,0 days 06:15:00
63,50,7794,7838,141.12,140.99,-6.5,-0.0,2017-05-26 10:10:00,2017-05-26 13:50:00,140.67404765785105,142.01190468429792,0 days 03:40:00
64,50,7846,7863,141.1,141.19,4.5,0.0,2017-05-26 14:30:00,2017-05-26 15:55:00,140.93568894749322,141.4586221050136,0 days 01:25:00
65,50,7866,7941,141.4,141.39,-0.5,-0.0,2017-05-30 09:40:00,2017-05-30 15:55:00,141.0785512515245,141.982897496951,0 days 06:15:00
66,50,7944,7946,141.69,141.31,-19.19,-0.0,2017-05-31 09:40:00,2017-05-31 09:50:00,,142.45750989329093,0 days 00:10:00
67,50,8100,8146,142.23,143.24,50.52,0.01,2017-06-02 09:40:00,2017-06-02 13:30:00,141.739774379792,143.240451240416,0 days 03:50:00
68,50,8147,8175,143.25,143.41,8.0,0.0,2017-06-02 13:35:00,2017-06-02 15:55:00,142.97004229234335,143.8099154153133,0 days 02:20:00
69,50,8430,8461,143.4,143.21,-9.5,-0.0,2017-06-08 11:10:00,2017-06-08 13:45:00,142.74560860723315,144.67878278553366,0 days 02:35:00
70,-50,8516,8524,143.16,142.1,52.99,0.01,2017-06-09 11:50:00,2017-06-09 12:30:00,143.6748839053396,142.1002321893208,0 days 00:40:00
71,-50,8525,8541,142.09,140.63,72.92,0.01,2017-06-09 12:35:00,2017-06-09 13:55:00,142.81917556010697,140.63164887978607,0 days 01:20:00
72,-50,8542,8565,140.38,139.82,28.0,0.0,2017-06-09 14:00:00,2017-06-09 15:55:00,141.5237184749808,138.0925630500384,0 days 01:55:00
73,-50,8568,8643,138.0,139.13,-56.5,-0.01,2017-06-12 09:40:00,2017-06-12 15:55:00,140.36097044296335,133.30805911407327,0 days 06:15:00
74,-50,8784,8799,140.08,139.81,13.5,0.0,2017-06-14 14:40:00,2017-06-14 15:55:00,140.8669070231986,138.50618595360285,0 days 01:15:00
75,-50,8806,8860,138.11,139.0,-44.5,-0.01,2017-06-15 10:00:00,2017-06-15 14:30:00,139.59626576209314,135.16746847581373,0 days 04:30:00
76,50,9126,9189,140.06,140.76,35.0,0.0,2017-06-21 10:40:00,2017-06-21 15:55:00,139.35819851882118,141.43360296235767,0 days 05:15:00
77,50,9204,9267,140.66,140.73,3.5,0.0,2017-06-22 10:40:00,2017-06-22 15:55:00,140.09934680233494,141.78130639533012,0 days 05:15:00
78,50,9297,9345,141.01,141.22,10.5,0.0,2017-06-23 11:55:00,2017-06-23 15:55:00,140.63496988230997,141.76006023538002,0 days 04:00:00
79,-50,9504,9517,138.16,139.19,-51.71,-0.01,2017-06-28 09:40:00,2017-06-28 10:45:00,,136.09179576169728,0 days 01:05:00
80,-50,9585,9626,138.52,136.66,92.78,0.01,2017-06-29 09:55:00,2017-06-29 13:20:00,139.4627959554184,136.66440808916323,0 days 03:25:00
81,-50,9629,9657,136.82,137.7,-44.0,-0.01,2017-06-29 13:35:00,2017-06-29 15:55:00,137.9575735809707,134.57485283805866,0 days 02:20:00
82,-50,9747,9810,137.47,136.03,72.0,0.01,2017-07-03 10:25:00,2017-07-03 15:55:00,138.42081925880655,135.53836148238693,0 days 05:30:00
83,50,10131,10145,138.84,138.28,-27.86,-0.0,2017-07-11 10:10:00,2017-07-11 11:20:00,,139.9845561522508,0 days 01:10:00
84,50,10179,10200,138.96,139.01,2.5,0.0,2017-07-11 14:10:00,2017-07-11 15:55:00,138.477746722189,139.924506555622,0 days 01:45:00
85,50,10218,10278,140.17,140.74,28.5,0.0,2017-07-12 10:55:00,2017-07-12 15:55:00,139.48929704243926,141.53140591512144,0 days 05:00:00
86,50,10360,10434,141.58,142.16,29.0,0.0,2017-07-14 09:45:00,2017-07-14 15:55:00,140.94541104845138,142.84917790309729,0 days 06:10:00
87,50,10828,10898,144.05,144.77,36.2,0.01,2017-07-24 09:45:00,2017-07-24 15:35:00,143.6880296120584,144.77394077588326,0 days 05:50:00
88,-50,11225,11292,143.57,143.18,19.5,0.0,2017-07-31 10:20:00,2017-07-31 15:55:00,144.36096654076138,141.95806691847724,0 days 05:35:00
89,-50,11363,11370,143.32,143.38,-3.0,-0.0,2017-08-01 15:20:00,2017-08-01 15:55:00,143.61075619883965,142.73848760232067,0 days 00:35:00
90,-50,11396,11423,142.99,143.78,-39.5,-0.01,2017-08-02 11:35:00,2017-08-02 13:50:00,143.9919139698914,140.9861720602172,0 days 02:15:00
91,-50,11534,11543,143.27,143.72,-22.5,-0.0,2017-08-04 10:05:00,2017-08-04 10:50:00,144.00489082063015,141.7402183587397,0 days 00:45:00
92,-50,11566,11604,143.39,143.57,-9.0,-0.0,2017-08-04 12:45:00,2017-08-04 15:55:00,143.86576050131833,142.46847899736335,0 days 03:10:00
93,50,11712,11750,145.19,144.73,-23.15,-0.0,2017-08-08 11:55:00,2017-08-08 15:05:00,,146.14598477668596,0 days 03:10:00
94,50,11950,11994,142.0,142.14,7.0,0.0,2017-08-11 12:15:00,2017-08-11 15:55:00,141.28919553774872,143.42160892450255,0 days 03:40:00
95,50,12034,12072,143.76,144.06,15.0,0.0,2017-08-14 12:45:00,2017-08-14 15:55:00,143.349536629992,144.550926740016,0 days 03:10:00
96,-50,12721,12765,142.01,142.3,-14.5,-0.0,2017-08-25 11:30:00,2017-08-25 15:10:00,142.7949467022727,140.44010659545455,0 days 03:40:00
97,50,13115,13149,146.05,145.97,-4.0,-0.0,2017-09-01 11:50:00,2017-09-01 14:40:00,145.57753657675482,146.9949268464904,0 days 02:50:00
98,50,13157,13164,146.13,146.12,-0.5,-0.0,2017-09-01 15:20:00,2017-09-01 15:55:00,145.8695622017356,146.62087559652883,0 days 00:35:00
99,-50,13401,13470,145.15,144.15,49.99,0.01,2017-09-08 09:40:00,2017-09-08 15:25:00,145.64988683113074,144.15022633773853,0 days 05:45:00
100,-50,13621,13632,145.71,146.08,-18.5,-0.0,2017-09-12 15:00:00,2017-09-12 15:55:00,146.21717719802172,144.6956456039566,0 days 00:55:00
101,-50,13637,13639,145.75,146.18,-21.5,-0.0,2017-09-13 09:50:00,2017-09-13 10:00:00,146.35759775605817,144.53480448788366,0 days 00:10:00
102,-50,13713,13729,145.51,146.1,-29.5,-0.0,2017-09-14 09:40:00,2017-09-14 11:00:00,,144.3599216567779,0 days 01:20:00
103,-50,13742,13788,146.0,145.56,22.0,0.0,2017-09-14 12:05:00,2017-09-14 15:55:00,146.34279369677756,145.31441260644488,0 days 03:50:00
104,-50,13848,13860,145.91,146.1,-9.5,-0.0,2017-09-15 14:25:00,2017-09-15 15:25:00,146.18709924708438,145.3858015058312,0 days 01:00:00
105,-50,13915,13925,146.01,145.5,25.41,0.0,2017-09-18 13:30:00,2017-09-18 14:20:00,146.27912502651543,145.50174994696917,0 days 00:50:00
106,-50,13926,13944,145.51,145.65,-7.0,-0.0,2017-09-18 14:25:00,2017-09-18 15:55:00,145.88496978265417,144.76006043469164,0 days 01:30:00
107,-50,14029,14077,145.65,144.76,44.34,0.01,2017-09-20 10:00:00,2017-09-20 14:00:00,146.0784212483492,144.76315750330156,0 days 04:00:00
108,-50,14078,14099,144.97,145.47,-24.9,-0.0,2017-09-20 14:05:00,2017-09-20 15:50:00,,143.97402000071574,0 days 01:45:00
109,-50,14194,14255,144.29,144.35,-3.0,-0.0,2017-09-22 10:45:00,2017-09-22 15:50:00,144.8977557573583,143.07448848528335,0 days 05:05:00
110,-50,14259,14318,143.34,142.12,60.9,0.01,2017-09-25 09:40:00,2017-09-25 14:35:00,143.96398729308768,142.12202541382462,0 days 04:55:00
111,-50,14319,14332,142.2,142.75,-27.34,-0.0,2017-09-25 14:40:00,2017-09-25 15:45:00,,141.13640436203926,0 days 01:05:00
112,-50,14512,14543,144.17,144.4,-11.5,-0.0,2017-09-28 11:15:00,2017-09-28 13:50:00,144.78561044995922,142.93877910008152,0 days 02:35:00
113,-50,14559,14568,144.25,144.33,-4.0,-0.0,2017-09-28 15:10:00,2017-09-28 15:55:00,144.56713781749505,143.6157243650099,0 days 00:45:00
114,-50,14679,14724,145.17,145.54,-18.5,-0.0,2017-10-02 12:10:00,2017-10-02 15:55:00,145.80173148716634,143.93653702566735,0 days 03:45:00
115,-50,14807,14827,145.57,146.04,-23.5,-0.0,2017-10-04 09:50:00,2017-10-04 11:30:00,146.05032245529821,144.60935508940355,0 days 01:40:00
116,50,15523,15582,148.8,149.02,11.0,0.0,2017-10-17 11:00:00,2017-10-17 15:55:00,148.43860285074413,149.4927942985117,0 days 04:55:00
117,-50,15663,15730,147.92,148.18,-13.0,-0.0,2017-10-19 09:40:00,2017-10-19 15:15:00,148.48250831410834,146.7649833717833,0 days 05:35:00
118,-50,15821,15888,148.69,147.84,42.45,0.01,2017-10-23 09:50:00,2017-10-23 15:25:00,149.11451524049207,147.84096951901586,0 days 05:35:00
119,-50,15889,15894,147.85,147.64,10.5,0.0,2017-10-23 15:30:00,2017-10-23 15:55:00,148.2545719064183,147.0108561871634,0 days 00:25:00
120,-50,15897,15925,147.7,148.11,-20.5,-0.0,2017-10-24 09:40:00,2017-10-24 12:00:00,148.35330173895093,146.42339652209816,0 days 02:20:00
121,-50,15995,16031,146.5,147.39,-44.7,-0.01,2017-10-25 11:20:00,2017-10-25 14:20:00,,144.68186279945638,0 days 03:00:00
122,-50,16062,16065,147.14,147.57,-21.5,-0.0,2017-10-26 10:25:00,2017-10-26 10:40:00,147.84299667085608,145.7340066582878,0 days 00:15:00
123,-50,16100,16112,147.21,147.34,-6.5,-0.0,2017-10-26 13:35:00,2017-10-26 14:35:00,147.590588946309,146.41882210738197,0 days 01:00:00
124,50,16131,16206,149.23,151.33,105.0,0.01,2017-10-27 09:40:00,2017-10-27 15:55:00,148.0474468652419,151.5351062695162,0 days 06:15:00
125,50,16209,16240,151.61,151.04,-28.35,-0.0,2017-10-30 09:40:00,2017-10-30 12:15:00,,152.74413140548688,0 days 02:35:00
126,50,16270,16276,151.54,151.35,-9.5,-0.0,2017-10-30 14:45:00,2017-10-30 15:15:00,151.06818413215285,152.4536317356943,0 days 00:30:00
127,50,16287,16362,151.86,152.02,8.0,0.0,2017-10-31 09:40:00,2017-10-31 15:55:00,151.2620848265515,153.05583034689704,0 days 06:15:00
128,50,16385,16394,152.39,152.09,-15.0,-0.0,2017-11-01 11:20:00,2017-11-01 12:05:00,151.8131405629762,153.57371887404761,0 days 00:45:00
129,50,16501,16518,151.82,151.86,2.0,0.0,2017-11-02 14:30:00,2017-11-02 15:55:00,151.33134536302825,152.79730927394348,0 days 01:25:00
130,50,16524,16596,152.02,153.18,58.0,0.01,2017-11-03 09:55:00,2017-11-03 15:55:00,151.33359975398642,153.3928004920272,0 days 06:00:00
131,50,16756,16830,153.86,154.41,27.5,0.0,2017-11-08 09:45:00,2017-11-08 15:55:00,153.40573542054216,154.76852915891573,0 days 06:10:00
132,50,16911,16986,153.55,153.74,9.5,0.0,2017-11-10 09:40:00,2017-11-10 15:55:00,152.85556709789736,154.9388658042053,0 days 06:15:00
133,-50,17811,17817,155.93,156.36,-21.63,-0.0,2017-11-28 14:00:00,2017-11-28 14:30:00,,155.06475340271726,0 days 00:30:00
134,-50,17837,17845,155.83,154.54,64.28,0.01,2017-11-29 09:40:00,2017-11-29 10:20:00,156.4577798224281,154.54444035514376,0 days 00:40:00
135,-50,17846,17912,154.21,153.94,13.5,0.0,2017-11-29 10:25:00,2017-11-29 15:55:00,155.3358085662598,151.92838286748037,0 days 05:30:00
136,-50,17994,18010,154.4,155.08,-34.0,-0.0,2017-12-01 09:45:00,2017-12-01 11:05:00,155.4747092476708,152.2505815046584,0 days 01:20:00
137,-50,18026,18063,153.69,154.33,-32.0,-0.0,2017-12-01 12:25:00,2017-12-01 15:30:00,155.5491956582958,149.97160868340842,0 days 03:05:00
138,-50,18085,18120,153.55,154.18,-31.5,-0.0,2017-12-04 10:50:00,2017-12-04 13:45:00,154.85896007375794,150.9020798524841,0 days 02:55:00
139,-50,18135,18146,153.28,152.75,26.5,0.0,2017-12-04 15:00:00,2017-12-04 15:55:00,154.0540055401341,151.76198891973175,0 days 00:55:00
140,-50,18192,18224,153.51,152.77,37.0,0.0,2017-12-05 13:15:00,2017-12-05 15:55:00,154.3006437130999,151.95871257380023,0 days 02:40:00
141,50,18471,18536,155.13,155.81,34.0,0.0,2017-12-11 10:30:00,2017-12-11 15:55:00,154.50246184701132,156.38507630597735,0 days 05:25:00
142,50,18777,18824,156.37,157.62,62.32,0.01,2017-12-15 10:00:00,2017-12-15 13:55:00,155.74677833119287,157.61644333761427,0 days 03:55:00
143,50,18842,18848,157.76,157.55,-10.5,-0.0,2017-12-15 15:25:00,2017-12-15 15:55:00,157.25389030700023,158.80221938599956,0 days 00:30:00
144,50,18862,18926,158.52,158.53,0.5,0.0,2017-12-18 10:35:00,2017-12-18 15:55:00,157.9080390576909,159.74392188461823,0 days 05:20:00
145,50,19048,19082,157.51,157.55,2.0,0.0,2017-12-20 13:05:00,2017-12-20 15:55:00,157.08451286896965,158.36097426206067,0 days 02:50:00
146,-50,19163,19229,157.02,157.37,-17.5,-0.0,2017-12-22 09:40:00,2017-12-22 15:10:00,157.59457693826343,155.8408461234731,0 days 05:30:00
147,-50,19241,19316,156.2,156.44,-12.0,-0.0,2017-12-26 09:40:00,2017-12-26 15:55:00,156.81895603954482,154.96208792091034,0 days 06:15:00
148,-50,19377,19394,156.56,156.57,-0.5,-0.0,2017-12-27 14:30:00,2017-12-27 15:55:00,156.7969562595182,156.05608748096364,0 days 01:25:00
149,-50,19448,19472,156.63,156.73,-5.0,-0.0,2017-12-28 13:55:00,2017-12-28 15:55:00,156.80898943784766,156.30202112430464,0 days 02:00:00
150,-50,19478,19549,156.5,155.77,36.48,0.0,2017-12-29 09:55:00,2017-12-29 15:50:00,156.86480853459932,155.77038293080136,0 days 05:55:00
151,-50,20031,20095,161.51,162.03,-26.0,-0.0,2018-01-10 10:30:00,2018-01-10 15:50:00,162.4494278843561,159.63114423128775,0 days 05:20:00
152,-50,20296,20330,164.7,164.02,34.0,0.0,2018-01-16 13:05:00,2018-01-16 15:55:00,165.5421471638342,163.0157056723316,0 days 02:50:00
153,-50,20814,20820,168.61,168.88,-13.5,-0.0,2018-01-25 10:45:00,2018-01-25 11:15:00,169.92908369097353,165.94183261805293,0 days 00:30:00
154,-50,20861,20876,168.33,168.25,4.0,0.0,2018-01-25 14:40:00,2018-01-25 15:55:00,169.08703618238312,166.8159276352338,0 days 01:15:00
155,50,21113,21173,169.83,169.01,-41.0,-0.0,2018-01-31 09:40:00,2018-01-31 14:40:00,168.7642885841666,171.99142283166682,0 days 05:00:00
156,50,22145,22191,165.93,165.39,-27.0,-0.0,2018-02-20 11:10:00,2018-02-20 15:00:00,164.65115303930972,168.45769392138052,0 days 03:50:00
157,50,22212,22274,166.2,165.9,-15.0,-0.0,2018-02-21 10:15:00,2018-02-21 15:25:00,164.81347759522467,168.91304480955068,0 days 05:10:00
158,50,22444,22514,169.55,170.0,22.5,0.0,2018-02-26 10:05:00,2018-02-26 15:55:00,168.48048037833794,171.62903924332412,0 days 05:50:00
159,50,22604,22611,169.52,168.7,-41.0,-0.0,2018-02-28 10:25:00,2018-02-28 11:00:00,168.3147713069271,171.93045738614583,0 days 00:35:00
160,50,22640,22659,169.28,168.35,-46.68,-0.01,2018-02-28 13:25:00,2018-02-28 15:00:00,,171.17732539804175,0 days 01:35:00
161,50,23219,23294,173.88,174.05,8.5,0.0,2018-03-12 09:40:00,2018-03-12 15:55:00,173.12010697372077,175.42978605255843,0 days 06:15:00
162,50,23533,23558,171.92,171.37,-27.5,-0.0,2018-03-16 09:50:00,2018-03-16 11:55:00,170.94540274690945,173.86919450618106,0 days 02:05:00
163,-50,24234,24248,157.63,159.21,-79.0,-0.01,2018-03-29 09:45:00,2018-03-29 10:55:00,160.16230455201656,152.59539089596683,0 days 01:10:00
164,-50,24315,24363,158.19,154.26,196.5,0.02,2018-04-02 10:00:00,2018-04-02 14:00:00,160.16999445649913,154.26001108700171,0 days 04:00:00
165,-50,24397,24405,154.56,156.53,-98.5,-0.01,2018-04-03 10:20:00,2018-04-03 11:00:00,156.97140585904327,149.73718828191346,0 days 00:40:00
166,-50,24425,24435,155.56,156.24,-34.0,-0.0,2018-04-03 12:40:00,2018-04-03 13:30:00,157.4007159835097,151.8485680329806,0 days 00:50:00
167,-50,25641,25653,156.81,158.98,-108.4,-0.01,2018-04-25 10:00:00,2018-04-25 11:00:00,,152.44418337637302,0 days 01:00:00
168,-50,25694,25699,158.01,158.81,-40.0,-0.01,2018-04-25 14:25:00,2018-04-25 14:50:00,159.23480691571487,155.5003861685703,0 days 00:25:00
169,50,26018,26024,161.99,162.76,38.5,0.0,2018-05-01 15:25:00,2018-05-01 15:55:00,161.14997899286797,163.61004201426405,0 days 00:30:00
170,50,26030,26104,161.99,164.67,134.0,0.02,2018-05-04 09:45:00,2018-05-04 15:55:00,160.3685598588758,165.26288028224837,0 days 06:10:00
171,50,26107,26182,166.18,166.07,-5.5,-0.0,2018-05-07 09:40:00,2018-05-07 15:55:00,165.13956663594757,168.23086672810481,0 days 06:15:00
172,50,26342,26416,168.67,169.48,40.5,0.0,2018-05-10 09:45:00,2018-05-10 15:55:00,167.81469771810362,170.29060456379273,0 days 06:10:00
173,-50,26575,26650,167.78,167.74,2.0,0.0,2018-05-15 09:40:00,2018-05-15 15:55:00,168.99973043064855,165.37053913870287,0 days 06:15:00
174,-50,26732,26741,168.35,169.22,-43.3,-0.01,2018-05-17 09:45:00,2018-05-17 10:30:00,,166.61811594903597,0 days 00:45:00
175,-50,26769,26806,168.61,168.3,15.5,0.0,2018-05-17 12:50:00,2018-05-17 15:55:00,169.27015902442903,167.2596819511419,0 days 03:05:00
176,-50,26943,26962,168.08,168.41,-16.5,-0.0,2018-05-21 14:20:00,2018-05-21 15:55:00,168.67234924214654,166.89530151570696,0 days 01:35:00
177,-50,27001,27017,168.22,168.58,-18.0,-0.0,2018-05-22 12:40:00,2018-05-22 14:00:00,168.85781313870035,166.97437372259927,0 days 01:20:00
178,50,27202,27252,169.72,169.67,-2.5,-0.0,2018-05-25 09:55:00,2018-05-25 14:05:00,168.77490801346784,171.6401839730643,0 days 04:10:00
179,50,27417,27430,170.29,170.25,-2.0,-0.0,2018-05-30 14:50:00,2018-05-30 15:55:00,169.78467922938864,171.33064154122275,0 days 01:05:00
180,50,27433,27446,170.48,169.8,-34.23,-0.0,2018-05-31 09:40:00,2018-05-31 10:45:00,,171.8492368379825,0 days 01:05:00
181,50,27457,27485,170.79,169.76,-51.67,-0.01,2018-05-31 11:40:00,2018-05-31 14:00:00,,172.85663465680258,0 days 02:20:00
182,50,27511,27586,171.3,172.66,68.0,0.01,2018-06-01 09:40:00,2018-06-01 15:55:00,170.18445340409968,173.5010931918006,0 days 06:15:00
183,50,27602,27664,173.6,174.25,32.5,0.0,2018-06-04 10:45:00,2018-06-04 15:55:00,172.78738372477085,175.2252325504583,0 days 05:10:00
184,50,27667,27701,174.56,174.24,-16.0,-0.0,2018-06-05 09:40:00,2018-06-05 12:30:00,173.96413293451369,175.72173413097266,0 days 02:50:00
185,50,27802,27820,175.18,175.72,27.0,0.0,2018-06-06 14:25:00,2018-06-06 15:55:00,174.67738321135118,176.1552335772976,0 days 01:30:00
186,-50,27901,27936,173.68,174.43,-37.5,-0.0,2018-06-08 09:40:00,2018-06-08 12:35:00,174.78643990626753,171.4371201874649,0 days 02:55:00
187,-50,28121,28131,175.12,175.64,-26.07,-0.0,2018-06-12 15:00:00,2018-06-12 15:50:00,,174.1070275118551,0 days 00:50:00
188,50,28214,28288,176.95,177.44,24.5,0.0,2018-06-14 09:45:00,2018-06-14 15:55:00,175.6241293961629,179.6317412076742,0 days 06:10:00
189,50,28362,28366,177.09,176.91,-9.0,-0.0,2018-06-15 15:35:00,2018-06-15 15:55:00,176.62250486164464,178.02499027671072,0 days 00:20:00
190,50,28434,28444,176.41,176.54,6.5,0.0,2018-06-18 15:05:00,2018-06-18 15:55:00,175.91127499759773,177.4374500048045,0 days 00:50:00
191,50,28507,28522,175.75,175.9,7.5,0.0,2018-06-19 14:40:00,2018-06-19 15:55:00,175.1117578352853,176.99648432942945,0 days 01:15:00
192,50,28525,28600,176.96,177.26,15.0,0.0,2018-06-20 09:40:00,2018-06-20 15:55:00,176.02478102846104,178.86043794307793,0 days 06:15:00
193,-50,29584,29599,176.86,177.37,-25.5,-0.0,2018-07-10 13:55:00,2018-07-10 15:10:00,177.43306395433407,175.7138720913319,0 days 01:15:00
194,50,29689,29764,177.56,179.24,84.0,0.01,2018-07-12 09:40:00,2018-07-12 15:55:00,176.5986826534374,179.51263469312516,0 days 06:15:00
195,50,29947,29995,179.26,180.65,69.29,0.01,2018-07-17 11:40:00,2018-07-17 15:40:00,178.56713428180097,180.64573143639802,0 days 04:00:00
196,-50,30091,30154,179.02,178.95,3.5,0.0,2018-07-19 10:40:00,2018-07-19 15:55:00,179.90350851089053,177.2229829782189,0 days 05:15:00
197,-50,30354,30388,180.0,180.29,-14.5,-0.0,2018-07-24 13:05:00,2018-07-24 15:55:00,180.86077654646328,178.3084469070734,0 days 02:50:00
198,-50,30472,30544,180.0,180.18,-9.0,-0.0,2018-07-26 09:55:00,2018-07-26 15:55:00,181.8835295528118,176.23294089437638,0 days 06:00:00
199,-50,30558,30582,180.03,177.72,115.4,0.01,2018-07-27 10:35:00,2018-07-27 12:35:00,181.18399730228316,177.72200539543368,0 days 02:00:00
200,-50,30584,30622,177.67,177.63,2.0,0.0,2018-07-27 12:45:00,2018-07-27 15:55:00,178.81731329473268,175.3753734105346,0 days 03:10:00
201,-50,30625,30700,176.49,175.09,70.0,0.01,2018-07-30 09:40:00,2018-07-30 15:55:00,177.73655482846908,174.02689034306184,0 days 06:15:00
202,-50,30835,30845,176.32,176.89,-28.5,-0.0,2018-08-01 14:10:00,2018-08-01 15:00:00,177.15032602963737,174.65934794072524,0 days 00:50:00
203,50,31408,31431,181.43,180.58,-42.41,-0.0,2018-08-13 09:55:00,2018-08-13 11:50:00,,183.12650811450465,0 days 01:55:00
204,50,31504,31558,181.26,181.44,9.0,0.0,2018-08-14 11:25:00,2018-08-14 15:55:00,180.3733167415427,183.03336651691455,0 days 04:30:00
205,-50,31700,31714,180.09,179.54,27.5,0.0,2018-08-16 14:45:00,2018-08-16 15:55:00,180.67337724900514,178.9532455019897,0 days 01:10:00
206,-50,31718,31772,179.44,179.82,-19.0,-0.0,2018-08-17 09:45:00,2018-08-17 14:15:00,180.5331910381601,177.28361792367974,0 days 04:30:00
207,-50,31805,31831,179.36,179.72,-18.0,-0.0,2018-08-20 10:30:00,2018-08-20 12:40:00,180.38925944699395,177.2714811060121,0 days 02:10:00
208,-50,31938,31948,180.48,180.35,6.5,0.0,2018-08-21 15:05:00,2018-08-21 15:55:00,181.0357578293317,179.3684843413366,0 days 00:50:00
209,50,32270,32338,184.79,184.42,-18.5,-0.0,2018-08-28 10:15:00,2018-08-28 15:55:00,184.06330362631223,186.18339274737556,0 days 05:40:00
210,50,32341,32361,185.13,186.22,54.59,0.01,2018-08-29 09:40:00,2018-08-29 11:20:00,184.58410138332547,186.22179723334904,0 days 01:40:00
211,50,32381,32416,186.48,186.71,11.5,0.0,2018-08-29 13:00:00,2018-08-29 15:55:00,186.03272352646914,187.40455294706175,0 days 02:55:00
212,50,32427,32481,186.76,186.56,-10.0,-0.0,2018-08-30 10:20:00,2018-08-30 14:50:00,185.99798906505964,188.25402186988072,0 days 04:30:00
213,50,32506,32523,187.07,186.31,-38.0,-0.0,2018-08-31 10:25:00,2018-08-31 11:50:00,186.21337723146786,188.7532455370643,0 days 01:25:00
214,50,32644,32650,185.9,185.68,-11.0,-0.0,2018-09-04 15:25:00,2018-09-04 15:55:00,185.28753572025548,187.12492855948906,0 days 00:30:00
215,-50,32731,32748,182.92,180.8,105.93,0.01,2018-09-06 09:40:00,2018-09-06 11:05:00,183.99431296247545,180.80137407504913,0 days 01:25:00
216,-50,32765,32803,181.34,181.99,-32.5,-0.0,2018-09-06 12:30:00,2018-09-06 15:40:00,182.5323534354505,178.95529312909903,0 days 03:10:00
217,-50,32859,32884,181.31,181.11,10.0,0.0,2018-09-07 13:50:00,2018-09-07 15:55:00,182.34000493744617,179.2199901251077,0 days 02:05:00
218,-50,32890,32914,181.45,181.72,-13.5,-0.0,2018-09-10 09:55:00,2018-09-10 11:55:00,182.78183902104408,178.81632195791187,0 days 02:00:00
219,-50,33229,33274,183.89,184.16,-13.5,-0.0,2018-09-14 12:10:00,2018-09-14 15:55:00,184.84949384932466,181.94101230135067,0 days 03:45:00
220,-50,33277,33349,182.89,181.29,80.02,0.01,2018-09-17 09:40:00,2018-09-17 15:40:00,183.7051773723773,181.2896452552454,0 days 06:00:00
221,-50,33433,33498,182.42,182.37,2.5,0.0,2018-09-19 09:40:00,2018-09-19 15:05:00,183.26873582557172,180.75252834885657,0 days 05:25:00
222,-50,33605,33619,184.32,184.82,-25.0,-0.0,2018-09-21 11:00:00,2018-09-21 12:10:00,185.3025734464855,182.38485310702904,0 days 01:10:00
223,-50,33624,33634,184.41,185.13,-35.95,-0.0,2018-09-21 12:35:00,2018-09-21 13:25:00,,182.97186978564164,0 days 00:50:00
224,-50,33635,33664,184.31,183.8,25.5,0.0,2018-09-21 13:30:00,2018-09-21 15:55:00,185.18915855556656,182.58168288886685,0 days 02:25:00
225,50,33757,33820,183.72,184.14,21.0,0.0,2018-09-25 10:40:00,2018-09-25 15:55:00,182.81486227302491,185.5002754539502,0 days 05:15:00
226,50,33824,33897,184.66,183.91,-37.42,-0.0,2018-09-26 09:45:00,2018-09-26 15:50:00,,186.1868521069264,0 days 06:05:00
227,50,33903,33970,185.61,185.89,14.0,0.0,2018-09-27 09:50:00,2018-09-27 15:25:00,184.319044487931,188.161911024138,0 days 05:35:00
228,50,34005,34017,185.99,185.38,-30.5,-0.0,2018-09-28 11:50:00,2018-09-28 12:50:00,185.19367747558962,187.61264504882075,0 days 01:00:00
229,50,34057,34109,187.29,186.63,-33.0,-0.0,2018-10-01 09:40:00,2018-10-01 14:00:00,186.2255659181572,189.3888681636856,0 days 04:20:00
230,-50,34291,34323,184.46,182.03,121.3,0.01,2018-10-04 09:40:00,2018-10-04 12:20:00,185.6730373384563,182.0339253230874,0 days 02:40:00
231,-50,34328,34366,182.19,182.57,-19.0,-0.0,2018-10-04 12:45:00,2018-10-04 15:55:00,183.34272208713972,179.91455582572053,0 days 03:10:00
232,-50,34374,34437,181.38,180.52,43.0,0.0,2018-10-05 10:05:00,2018-10-05 15:20:00,183.08549759231863,177.9990048153627,0 days 05:15:00
233,-50,34447,34457,179.28,180.42,-57.0,-0.01,2018-10-08 09:40:00,2018-10-08 10:30:00,181.05790794745684,175.72418410508632,0 days 00:50:00
234,-50,34460,34512,179.76,179.33,21.5,0.0,2018-10-08 10:45:00,2018-10-08 15:05:00,181.32507157245414,176.59985685509173,0 days 04:20:00
235,50,34761,34797,173.45,171.01,-122.0,-0.01,2018-10-12 09:50:00,2018-10-12 12:50:00,169.19579935100245,181.95840129799507,0 days 03:00:00
236,50,34809,34813,172.76,172.17,-29.5,-0.0,2018-10-12 13:50:00,2018-10-12 14:10:00,170.63787081180973,177.0042583763805,0 days 00:20:00
237,50,34856,34911,173.43,172.75,-34.0,-0.0,2018-10-15 11:15:00,2018-10-15 15:50:00,171.5896270867649,177.08074582647018,0 days 04:35:00
238,50,34915,34990,174.22,177.52,165.0,0.02,2018-10-16 09:40:00,2018-10-16 15:55:00,172.14445417079386,178.40109165841224,0 days 06:15:00
239,50,34994,35006,177.13,175.52,-80.47,-0.01,2018-10-17 09:45:00,2018-10-17 10:45:00,,180.31870100444144,0 days 01:00:00
240,50,35036,35049,177.72,176.24,-74.13,-0.01,2018-10-17 13:15:00,2018-10-17 14:20:00,,180.65514364500174,0 days 01:05:00
241,50,35057,35068,177.38,177.15,-11.5,-0.0,2018-10-17 15:00:00,2018-10-17 15:55:00,175.88409841318224,180.3718031736355,0 days 00:55:00
242,50,35361,35380,173.17,173.28,5.5,0.0,2018-10-23 14:20:00,2018-10-23 15:55:00,171.3025975143499,176.90480497130014,0 days 01:35:00
243,50,35513,35536,170.36,171.12,38.0,0.0,2018-10-25 14:00:00,2018-10-25 15:55:00,169.01200976960985,173.05598046078035,0 days 01:55:00
244,50,35581,35593,169.53,166.98,-127.5,-0.02,2018-10-26 13:10:00,2018-10-26 14:10:00,,174.59997259360156,0 days 01:00:00
245,-50,35938,36004,170.57,169.45,56.0,0.01,2018-11-02 10:25:00,2018-11-02 15:55:00,172.58154604648448,166.57690790703109,0 days 05:30:00
246,-50,36007,36064,168.52,168.94,-21.0,-0.0,2018-11-05 09:40:00,2018-11-05 14:25:00,170.47157858566652,164.64684282866696,0 days 04:45:00
247,-50,36308,36316,173.99,174.26,-13.5,-0.0,2018-11-08 15:15:00,2018-11-08 15:55:00,175.2351712009977,171.52965759800458,0 days 00:40:00
248,-50,36319,36394,172.39,171.83,28.0,0.0,2018-11-09 09:40:00,2018-11-09 15:55:00,174.20774337192594,168.84451325614808,0 days 06:15:00
249,50,37177,37246,162.79,163.26,23.5,0.0,2018-11-27 10:10:00,2018-11-27 15:55:00,161.15120642665195,166.09758714669613,0 days 05:45:00
250,50,37894,37919,164.65,163.63,-51.0,-0.01,2018-12-11 11:25:00,2018-12-11 13:30:00,162.65771766071782,168.60456467856432,0 days 02:05:00
251,50,37943,37948,164.4,163.97,-21.5,-0.0,2018-12-11 15:30:00,2018-12-11 15:55:00,162.71758232378087,167.76483535243827,0 days 00:25:00
252,50,37952,38013,165.89,165.57,-16.0,-0.0,2018-12-12 09:45:00,2018-12-12 14:50:00,163.71446972781942,170.24106054436112,0 days 05:05:00
